,mo_class,count_elem,index_process
0,VMGWCR,771,0
1,ServiceToDiameterTableRecord,132,0
2,SCTPConnMgmtProfRecord,6,0
3,SCTPP,233,0
4,UNIT,104867,0
5,SFP,16,0
6,RNPS,78,0
7,RTINST,1993,0
8,PrCallForwarding,5,0
9,PrSipSignallingParam,5,0
10,PCSRV,1,0
11,RNTOfOrigAASubAna,4,0
12,NNSFMGW,17,0
13,NeIdentityData,736,0
14,NokiaCDRFileUtilRatio2ndAlarm,5,0
15,REDRT,265801,0
16,Ipv6TfclassConfig,24,0
17,LDAP,1,0
18,EC,1,0
19,DTMF,61,0
20,HONNR,59,0
21,DPCLPC,12,0
22,ETHMIRRORSET,2,0
23,EventParameters,25,0
24,DIAGNOSTICS,2,0
25,FBB,8,0
26,AnnouncementMappingSet,1671,0
27,HOSTCONF,30,0
28,H248DeviceServerConfiguration,12,0
29,EOSR,3617,0
30,CSCFBPERF,1,0
31,DiagConfigInfo,3,0
32,DiamAppIDParameters,6,0
33,TestingParameters,5,0
34,SourceAddressPolicy,6,0
35,TNL,2657,0
36,Subdestination,3777,0
37,STIASSYSTEM,4,0
38,SET,1224,0
39,SYNC,23032,0
40,SCPOfINAASubAna,5,0
41,Ss7SignallingNetwork,10,0
42,SCCHRGACTV,1,0
43,RTPCONFIG,1,0
44,PM_ScheduleItem,3192,0
45,PcscfProfileTable,6,0
46,ServiceListHttpLoadBalancer,20,0
47,ONLINE,3,0
48,PCPDFSUPPORT,4,0
49,MediaCapabilities,48,0
50,PCOFFSESSION,2,0
51,ImeiStatusCheckFromEir,20,0
52,IBPDFTIMER,1,0
53,GNBCF,1,0
54,IBCAProfileTableRecord,1,0
55,AsnEncodingParameterSet,5,0
56,BTSMED,12,0
57,CallingPartyRoutingCategoryEPC,1181,0
58,CdrFieldMoc,460,0
59,HprSystemSupervision,5,0
60,CTXTPRIOTBL,24,0
61,HprCarrierAccessCodes,5,0
62,ADR6GW,4,0
63,TOP,12578,0
64,Teluri,10,0
65,SpareRecordsTable,6,0
66,SCONEVENT,2,0
67,SRT4,57268,0
68,PCCODECBWL,6,0
69,SCTPProfileTable,6,0
70,O2IFC,612,0
71,PNAPTRTargetURITableRecord,21,0
72,NRCELL,349,0
73,Redundancy,24,0
74,McmCoacAlarmThreshold,24,0
75,LTAC,15021,0
76,NativeLteLocation,347270,0
77,LETGR,610,0
78,Ipngflooding,24,0
79,CERTH,12693,0
80,H248SctpConfig,48,0
81,CLIC,5,0
82,DISCOVERY_R,132,0
83,ASSP,949,0
84,DESTSY,309,0
85,HttpServer,10,0
86,LOGLINK,85994,0
87,HprOverload,5,0
88,HomingAAAnaRes,20,0
89,ANN,22173,0
90,ADCE,183337,0
91,VisitedNetwork,62,0
92,USD,4,0
93,TOPIK,5,0
94,STNSRTableRecord,6,0
95,SCTPCONF,14,0
96,SRS,6179,0
97,TDPOfINAASubAna,10,0
98,ResultsOfDefaultPreANA,78,0
99,PrSubscriberFacilities,5,0
100,POWERGROUP_R,187926,0
101,OrigAAAnaRes,20,0
102,RESIL,12,0
103,NumberModificationParameters,1765,0
104,PCTIMER,1,0
105,MPLANE,5,0
106,LNKSET,43,0
107,IbcfSipiDataDrivenOptionTable,6,0
108,IPNODCFGN,276,0
109,CapacityLicenseKey,6,0
110,AnnouncementParameterSet,20,0
111,HprSipSignallingParam,5,0
112,FeatureLicenseParameters,6,0
113,BGTIMER,1,0
114,DefaultTimerValueSet,3,0
115,A2UT,3442,0
116,GLPRM,1324,0
117,DRX,68459,0
118,CtsSystemParameters,5,0
119,VCEL,73,0
120,SystemParameters,24,0
121,TPATH,17,0
122,SIPStackTimerProfile,6,0
123,SCSYSCONNECT,1,0
124,SIPStackTimerProfileRecord,12,0
125,RR,4385,0
126,PNASC,789,0
127,SyslogEntry,66,0
128,NRDCDPR,131,0
129,LANASSIGN,2,0
130,M3UALSET,123,0
131,LTEM,39748,0
132,IPDCCInterfacesList,128,0
133,EventListenerConfigEntry,6,0
134,DIADSPKMGCERT,3,0
135,FEDSSET,25,0
136,Features,5,0
137,DiameterMDProfileRecord,18,0
138,CADPR,8120,0
139,ABDELM,4687,0
140,HUBRTM,2,0
141,CapacityProfileCodecNumber,1008,0
142,GeographicRedundancySettings,20,0
143,ChargingComponent,3928,0
144,DIAMSGSIZLIM,4,0
145,EthernetApplication,24,0
146,ADJW,238893,0
147,GlobalTitleParametersOfInTrSpD,78,0
148,ADJS,1152277,0
149,LNCEL,68477,0
150,WIFICNF,49,0
151,WSMLC,77,0
152,SrvBrkrAAAnaRes,5,0
153,SrvBrkrAASubAna,5,0
154,SS7,58,0
155,SignallingRoute,22,0
156,SshProxy,10,0
157,SDPProfileTable,6,0
158,RegistrationData,84,0
159,RNCM,101,0
160,ProprietaryFileFormatOptions,5,0
161,ONENDS,1,0
162,NBROfOrigAASubAna,82,0
163,MGWC,1006,0
164,IncomingParameterSet,15,0
165,ITRKGRP,706,0
166,IP_SERVICE,1,0
167,HUBBLADE,2,0
168,FcParameters,84,0
169,CSSYSTEM,136,0
170,FTM,12693,0
171,ConferenceConfigEntry,60,0
172,CONTAINER,1,0
173,EASIPIP,2,0
174,HSSGWS,1,0
175,CFEDSrvPrInfrmtn,6,0
176,CarrierSelectionParametersDPIC,20,0
177,HprSiemensInap,5,0
178,LNCEL_FDD,68450,0
179,LNREL,6738079,0
180,USSDSRVCODTBL,46,0
181,WNBTS,10926,0
182,TWAMPSTATRES,2956,0
183,SignallingPointSccRemSigPoi,16,0
184,SECURITY,2,0
185,SMLC,247,0
186,ReliableResponse,10,0
187,OFFLINE,5,0
188,PemIndication,5,0
189,NotifyType,24,0
190,NtpServer,48,0
191,NRADJNRCELL,18,0
192,PMRNL,11837,0
193,MODRED,25,0
194,MHA,402,0
195,LNSSM,174,0
196,NRouteEntry,6600,0
197,LIA,6,0
198,Ipv4ControllingAddresses,72,0
199,BCPDFSUPPORT,1,0
200,FSM,6,0
201,HprInAttributes,5,0
202,EAC_OUT,2523,0
203,APB2TH,134,0
204,DOSPROTPROF,4,0
205,FixedInternalIPAddress,120,0
206,H248DeviceServrStatChckConfig,12,0
207,FUUNIT,48147,0
208,EACA,19,0
209,IDR,4,0
210,FEEATTRTIMER,2,0
211,HSVSERVCES,445,0
212,APOfINAASubAna,10,0
213,GTA,24831,0
214,VideoCodec,6,0
215,WRAB,296,0
216,TOPP,830,0
217,TNL_R,14239,0
218,TFR,59,0
219,TABLEOFEATFS,1,0
220,SVSMM,144,0
221,SCSCFFEE,1,0
222,SCTPDynaReconfigThresholds,6,0
223,SIPiaPortStatusRecord,120,0
224,WCAL,53515,0
225,RNHSPA,78,0
226,PrImpOfCallControl,5,0
227,O3RNK,2100,0
228,PCP2QMAP,5109,0
229,TOPF_R,12349,0
230,RETU,88122,0
231,NationalToInternational,18,0
232,PreanaFinalResultEPC,1607,0
233,MCCMNCS,9,0
234,MPUCCH_FDD,68314,0
235,IUO,78,0
236,EOSAASubAna,40,0
237,DTMFList,48,0
238,Alarm,24,0
239,ASA,5367,0
240,CLOCK,18146,0
241,GenericParametersOCS,25,0
242,DSCP2PCPMAP,14093,0
243,BTSSCW,11908,0
244,DispatcherInstance,84,0
245,IAIF,390,0
246,GlobalTitleResult,9,0
247,CdrFieldPtc,290,0
248,HLR,1,0
249,FprSystemFunctionConf,5,0
250,CdrFieldMtc,370,0
251,VoiceAnnouncementData,1158,0
252,TMPAR,11880,0
253,SmsFallbackAllowed,10,0
254,SipFilterHeaderRuleRecord,11,0
255,SYSTEMUMSTP,13,0
256,OtasSoapNds,5,0
257,PCAPSERV2RXAF,26,0
258,NMTIMER,1,0
259,MCFTIMER,1,0
260,LMMEP,48,0
261,LUAC,28650,0
262,IpFlooding,24,0
263,IPHB,355,0
264,IPNB,18164,0
265,CLOCK_TDD,21,0
266,AIR,877,0
267,FephRemoteIpPolicyTable,6,0
268,ETHSVC,14069,0
269,EXGCE,20590,0
270,CdrFieldCtc,130,0
271,GPS,16,0
272,EosAAAnaRes,65,0
273,TRACKINGAREA,123,0
274,TID,10113,0
275,TrafficaConnection,10,0
276,SipFilterSet,6,0
277,SIPAggTrustRateLmtSetRecord,72,0
278,SCCTP,57,0
279,SAACTIVATION,1,0
280,PRCSCMPLTHIST,1,0
281,PimNpu,78,0
282,OSP,196,0
283,RESOURCEMAN,2,0
284,OcsConnectionParameters,25,0
285,OcsAddress,25,0
286,NetconfInfo,3,0
287,PCVP8BWTBL,18,0
288,NODETABLE,27,0
289,M3UALBS,61,0
290,MTPDPC,44,0
291,MediaResourControSubana,5,0
292,LNC,1053,0
293,NMSYSTEM,4,0
294,H248UP,833,0
295,ACTPADAPTER,9,0
296,CARRIERGROUPC_R,9,0
297,CIPANODCFG,16,0
298,H248ProtocolEncodingSchemesFo,12,0
299,ID,9,0
300,H248DeviceAdProvisioning,12,0
301,CFPNDNGOfGTermAASubAna,5,0
302,CdrFieldPbxt,215,0
303,IBOFFEVENT,2,0
304,CONTROLLER_R,2,0
305,CommonTimersOfAllDestinations,35,0
306,CERTHENT,100,0
307,CPIProfile,6,0
308,ACBPR,13621,0
309,IMSLBSYSTEM,4,0
310,VnfcGeneral,24,0
311,VPCT,1566,0
312,UseOfSupplementaryService,5,0
313,TRSNW,11026,0
314,SCSCFANAMES,2,0
315,QSPEC,204,0
316,PWRMOD,3,0
317,PUNIT,86347,0
318,MobileCodes,62,0
319,NTAS,11,0
320,MgwStateList,84,0
321,MgwRelatedSctpSettings,2,0
322,Msc,5,0
323,IPSECC_R,9101,0
324,LTAB,5,0
325,LinuxIpv4IcmpExtFloodThreshold,72,0
326,HSSFE,18,0
327,Interface,128,0
328,H248Package,3780,0
329,ChargingFtpSftpServer,14,0
330,DNSENUMASIGN,132,0
331,CONFIGUR,6,0
332,H248DeviceServerConfig,12,0
333,EOSAP,133300,0
334,H248Configuration,48,0
335,ANSWERTIMERS,51,0
336,CdrDataFormat,5,0
337,GNSSE_R,420,0
338,CdrStream,13,0
339,BGSYSCONN,1,0
340,EIRNUM,55,0
341,INVKROLESOfGTermAASubAna,5,0
342,SubsystemElement,63,0
343,S8hrMncList,5,0
344,SECADM,15028,0
345,RIMSIOfEOSAASubAna,40,0
346,System,24,0
347,IpMapToProfileRec,5,0
348,H248CompTCPIPConfig,12,0
349,CoreBearerRealmTable,6,0
350,DPREA,2877,0
351,GateH248ComponentParams,48,0
352,HOC,16809,0
353,BBMOD_R,37338,0
354,FprCallForwarding,5,0
355,DISK,32,0
356,UnknownResultOfContSuBAnaEPC,743,0
357,SCONSESSION,2,0
358,RTM,8,0
359,Saturday,5,0
360,PerformanceAlarms,24,0
361,PROTOCOL,1,0
362,OAMPRF,9,0
363,TRIGGER,2422,0
364,NumberModificatFunctiona,36,0
365,Ntp,24,0
366,NFMGWPC,24,0
367,PMMNL,11820,0
368,PCU,2254,0
369,MSCN,55,0
370,NRDRB_RLC_UM,18,0
371,MNL_R,15021,0
372,IUCS,78,0
373,EmergServiceIdTableRecord,12,0
374,ATPCM,32,0
375,HUBFB,2,0
376,BWINFOINIMSSIPSDP,6,0
377,ADJE,302,0
378,CBASSC,2292,0
379,APTOPB,132,0
380,HomeAndFixedDomain,3,0
381,DatapathCheck,24,0
382,FephIpsecParametersTableRecord,6,0
383,VLANID2QMAP,8671,0
384,VideoCodecRecord,36,0
385,TQM,76,0
386,StaticRouteListIpv4,225,0
387,SYCONFDACC,50,0
388,SRV,126,0
389,TRBLCADM,15039,0
390,SCCP,3048,0
391,RETUCONFILEAPPLYRES,23,0
392,SipTrustedRateLimitSet,6,0
393,PAPU,160,0
394,PCSECURITY,2,0
395,NRDRB_QCI,808,0
396,LicensedTargetId,167,0
397,MRBTSDESC,21,0
398,LNRELGNBCELL,2863,0
399,NRSCTP,123,0
400,LOADBALANCER,1,0
401,FaxRelayDefault,24,0
402,CONNR4,99,0
403,IOTFCONFTBL,2,0
404,CdrFieldStc,250,0
405,DetailedACRMsgAVPPopulationOp,6,0
406,FprCallControl,5,0
407,CACERT,3576,0
408,ATI,5,0
409,BGCFPaniAccessInfoTable,6,0
410,CSDAP,921,0
411,ALD_R,89183,0
412,IBSECURITY,2,0
413,EATFCONNECT,1,0
414,HDM,4,0
415,WNPMRNL,10925,0
416,ScpParameterSet,5,0
417,SecurityGatewayProfileRecord,6,0
418,RangeIpMultimediaRoamingRange,5,0
419,Rtp1,48,0
420,SAP,34,0
421,PrOperatorCall,5,0
422,PrCompletionOfCall,5,0
423,OMC,6,0
424,PCCC,10,0
425,RSTP,11065,0
426,NBROfEOSAASubAna,60,0
427,OPTION,1027,0
428,MGWSLC,14,0
429,OverloTraffiRedireParame,72,0
430,MGWPSM,12,0
431,MRSITE,5057,0
432,IPRO,35410,0
433,ListElemDigitAnalysisOfDigAna,31014,0
434,APFTM,134,0
435,Association,80,0
436,BtsState,738,0
437,EATFTIMER,1,0
438,GNEL,17,0
439,CCSP,201,0
440,H248ProtocolEncodingSchemes,12,0
441,HomingAASubAna,15,0
442,APEQM_R,14223,0
443,CONNECTOR_R,153,0
444,USUBAN,598,0
445,SCTPConnMgmtProf,6,0
446,PrioritySettingsOfOfInTrSpD,83,0
447,SCTPProfileTableRecord,6,0
448,NTPS,1185,0
449,SUBMODULE,120606,0
450,M3UAASRKEY,7,0
451,License,167,0
452,IncomingSignallingOfInSign,35,0
453,ESMA,861,0
454,IPDPINMTPD,2,0
455,DefaultCallingLineIdAddress,10,0
456,ADDR,7559,0
457,BSCM,293,0
458,ETHAPP,2697,0
459,DefaultPreanalysis,78,0
460,CFEDServiceTable,6,0
461,DSPP,168,0
462,FprShortMessageService,5,0
463,GTMD,153,0
464,CAUSEOfEOSAASubAna,125,0
465,CdrFieldSom,195,0
466,VISITNETWL,6,0
467,TABOFSCSCFS,6,0
468,SIPAggTrustRateLimitSet,6,0
469,RET,65,0
470,RNIOfOrigAASubAna,8,0
471,ProfileCertificate,24,0
472,PDCCH,204,0
473,PrInAttributes,5,0
474,PEM,2,0
475,MGMNT,5,0
476,MTP,99,0
477,NNSFMSS,40,0
478,LOAMPRF,3,0
479,Ipv6Route,24,0
480,IPPLCYROUT,2,0
481,Ip,24,0
482,Coac,24,0
483,ABTER,2412,0
484,DIABASE,4,0
485,FAN_R,114973,0
486,BAL,1881,0
487,ICSYSTEM,4,0
488,CHRGOFFLINE,4,0
489,DefaultResultOfStartSubanaEPC,16,0
490,EPSFTBL,36,0
491,ANALYS,99,0
492,ANZ,5,0
493,CONNECTOR,77552,0
494,SVOFFLINE,2,0
495,SIGROUTE,87,0
496,SGSM,546,0
497,SFPRES,3,0
498,PrMscServerParam,5,0
499,PCSYSTEM,4,0
500,PSCCPADRTBL,4,0
501,ODCOfRouAASubAna,140,0
502,NNESN,55,0
503,NFRNDPC,8,0
504,NTHLRFE,45,0
505,NextHopIpMonitorGeneral,24,0
506,NECERT_R,16823,0
507,MESSAGEQUEUE,1,0
508,MgParameters,48,0
509,MgwParameterSet,2,0
510,LNA_R,1,0
511,IpngTfclass,24,0
512,IPCONF,1,0
513,ISBC,11,0
514,H248CompPoolInfo,12,0
515,ENUMCFGTABLE,2,0
516,H248AlarmConfig,48,0
517,ADMFHTTPCLTB,1,0
518,ContSubanaForExtPreanaListEPC,743,0
519,BACKRES,2,0
520,EndpointOfEndpoints,23,0
521,ATTSA,2109,0
522,H248Parameters,48,0
523,XPIF,147,0
524,Sunday,5,0
525,XPIFREMOTE,147,0
526,UNI,448,0
527,TSVS,61,0
528,SAI,9,0
529,RNC,78,0
530,ResourceContextRealm,72,0
531,PINGRES,3,0
532,NtpTable,3,0
533,NextHopIpMonitor,24,0
534,LNADJGNB,177,0
535,InstalledLicense,169,0
536,IPADDRESSV4_R,66818,0
537,CIPA,8,0
538,INTERFACES,7,0
539,DigAna,1914,0
540,CcfStatus,3,0
541,DtdDiamConfRec,20,0
542,A2ST,8,0
543,H248Profile,48,0
544,INTP,799,0
545,DIAORGNP,1,0
546,IBRGPRT,14221,0
547,GLIC,18,0
548,CertMgr,24,0
549,DIA,1,0
550,IBAMRBWTBL,32,0
551,HPMU,262,0
552,VnfcName,239,0
553,SYSTEMIMSLB,152,0
554,SGSN,10,0
555,SAEP,9750,0
556,OVL,4,0
557,OutgoingCallBarrAnaTree,5,0
558,PSU,54,0
559,PrecedUPDRMRC,20,0
560,NWLA,33491,0
561,MGCMGInterface,48,0
562,InternationalCongestion,10,0
563,IPSLS,1934,0
564,Eir,5,0
565,FMCS,1349,0
566,FprCharging,5,0
567,DFEDServerTableRecord,6,0
568,FprAifAttributes,5,0
569,AvpSetOfOnlineCha,10,0
570,HprPriorityCalls,5,0
571,CECTXTYPES,264,0
572,FNBRCFGTBL,76,0
573,AcgpnMapping,10,0
574,CFEDExFltngIPAddrAssgn,6,0
575,FephEnabledServicesTable,6,0
576,CapacityProfileCodecImage,72,0
577,ANTE,98215,0
578,WCEL,65241,0
579,TrapCommunitiesEntry,15,0
580,Vqt,24,0
581,TRACEH,1224,0
582,WNCELG,16975,0
583,TONE,484,0
584,TRMOD,8688,0
585,ScpParameters,67,0
586,Sftp,24,0
587,SNW,396,0
588,SECURITYMODE,9,0
589,PUBLISHEDREALMENTRY,48,0
590,PortIntfAssignmentEntry,66,0
591,OverloadThresh,480,0
592,PM_Schedule,2,0
593,PrCallControl,5,0
594,NRCELLGRP,346,0
595,PCPDFCONFIG,2,0
596,NokiaCDRFileUtilRatio1stAlarm,5,0
597,LAGGR,30,0
598,NodeLogPkgInfo,3,0
599,Ipv6FilterConfig,24,0
600,IPNODECONFIG,282,0
601,HCLSERVERS,45,0
602,H248LBS,57,0
603,EASIPOVL,1,0
604,EASIPFEE,1,0
605,DiameterConnectionInterface,24,0
606,ADR4GW,57714,0
607,GeneralSipParameters,5,0
608,ETHLK_R,31457,0
609,DiameterMDProfile,6,0
610,CSCFBOVL,1,0
611,ENUMTLDTable,6,0
612,STPG,11901,0
613,SVSMP,28,0
614,NBROfHomingAASubAna,5,0
615,PreceUserPlaneDestiSuban,5,0
616,NumberFormat,10,0
617,NBIOTPR,9,0
618,NationalCodes,53,0
619,PrOwnAddress,5,0
620,OVLD,4,0
621,LANE_R,76554,0
622,LNUPR,13,0
623,PLMNP,18175,0
624,CSACTIVATION,1,0
625,GNBCF_R,1,0
626,ForwarderNetworkAddress,6,0
627,AdjaceSignalPointParame,35,0
628,FprExplicitCallTransferParam,5,0
629,EutranCellBasedLocation,347279,0
630,FEATCADM,15013,0
631,AnnouncementEntity,1930,0
632,ICSCFTIMER,1,0
633,DIAMCOMMON,50,0
634,ETHQOS,4778,0
635,DIGITA,829172,0
636,TargetState,5,0
637,SSLEXTDOPT,2,0
638,SWRESETREQ,219,0
639,ServiceToDiameterTable,6,0
640,SccpSubsystemParameterSet,10,0
641,PMQAP,6,0
642,OverloadAction,264,0
643,NRDU,123,0
644,Licenses,5,0
645,IpSmGwOnlySettings,10,0
646,CommonPcscfProfileTable,6,0
647,BGCFPaniAccessTypeTableRecord,228,0
648,BorderGWPublishRealmRecord,48,0
649,ConnectionParametersIncoming,15,0
650,GTRES,2258,0
651,ACCMTXTBL,268,0
652,FMCG,1016,0
653,FEEHTTPSPROXY,1,0
654,DNSConfiguration,120,0
655,ACTIVATION,1,0
656,EAC_R,770225,0
657,FMCI,897,0
658,EAC_IN,118181,0
659,FEETIMER,1,0
660,SpecialRouteSet,3705,0
661,TIAMS,13,0
662,SmdServerProfileRec,20,0
663,SmscDenialAnalysis,185,0
664,SignallingRouteData,15,0
665,STIVSTIMER,1,0
666,SMOD_R,18916,0
667,ROUTSET,39,0
668,Record,138,0
669,RouZoneOfEPC,82,0
670,QOS,15028,0
671,NtpConfig,24,0
672,NeIdentificationResult,23,0
673,ModificationRules,40,0
674,LocDepNumTran,5718,0
675,IP_ADDRESS,2,0
676,LDAPACCESS,5,0
677,LCELGW,20502,0
678,FeatureTagEncConDataRec,6,0
679,HttpProxyInHttpProxies,10,0
680,EXXA,3748,0
681,ASPOOL,3,0
682,FHS_R,1,0
683,ARQ,5,0
684,FephAggPolicyAssignTableRecord,126,0
685,DIAGSNAP,4,0
686,ForceMessageToSmsc,10,0
687,GenericCharging,5,0
688,APWIFI,117,0
689,Thursday,5,0
690,WAC,440,0
691,SourceAddressPolicyRecord,12,0
692,TCSM,2164,0
693,SSLTRCALST,4,0
694,SECADM_R,14217,0
695,PrDxRfCodes,5,0
696,PNAPTRTargetURITable,6,0
697,PCACTIVATION,1,0
698,OutgoingCallBarrAna,45,0
699,NumberISDNEPC,5914,0
700,MediaGateway,48,0
701,LOCALSERV,2,0
702,DiamPort,120,0
703,L2SWI,26908,0
704,CgpRoamingStatusEPC,1,0
705,Config,24,0
706,FEATWADM,11436,0
707,DSSNR,201,0
708,HOPG,409,0
709,HPBLADE,107,0
710,DefaultResultOfContSuBAnaEPC,743,0
711,APUCCH_FDD,68388,0
712,CdrFieldSupServ,155,0
713,HprAnnouncementDevice,5,0
714,IBCAProfileTable,1,0
715,DigitAdditionOfGlobTitlModi,5,0
716,GPST,1,0
717,CallingPartyParametersIncoming,10,0
718,BTSNE,7190,0
719,TcpConnectionsRecord,120,0
720,TermCallRelaCdrGenePara,5,0
721,SipErrorTreatmentTableRecord,186,0
722,SipMultiparty,5,0
723,SignallingLinkSetData,10,0
724,SVACTIVATION,1,0
725,STISYSTEM,2,0
726,SERVEDAMF,123,0
727,SECURPROPS,7,0
728,SCTPLimitOfDynamicReconfig,6,0
729,TRBLCADM_R,14223,0
730,REPOSERVER,5,0
731,OrigCallRelaCdrGenePara,5,0
732,SCHARGING,4,0
733,OutgoingSignalling,50,0
734,NSE,368,0
735,IUBSNT,82,0
736,IpSmGwAddressRegistration,10,0
737,GTRULE,30,0
738,IPCLRROUT,23,0
739,IBPDFSUPPORT,2,0
740,EDCS,5333,0
741,Ipv4FilterTable,232,0
742,IICP,61,0
743,DFEDSrvPrInfrmtn,6,0
744,APMOD_R,132,0
745,DIAMET,12,0
746,AsnDataFields,345,0
747,CdrFieldSmmo,200,0
748,FEATLADM,14101,0
749,ICOFFLINE,2,0
750,CdrFieldIn5,55,0
751,UnknownResultOfStartSubanaEPC,16,0
752,Tuesday,5,0
753,VLA,172,0
754,SucceedUPDRBncSubAna,20,0
755,TRE,6931,0
756,SUBSPTRACNG,2,0
757,SipStackTimerProfileRec,5,0
758,TWAMP,130304,0
759,RNTRM,78,0
760,PcscfProfileTableRecord,6,0
761,PrAnnouncementDevice,5,0
762,PMPLM,11700,0
763,PASSDEV_R,146763,0
764,PDH,78,0
765,PCOFFLINE,2,0
766,MPLANEONAP,2,0
767,IPADDRESSES,945,0
768,FephAggFlowPolicyTableRecord,6,0
769,IBACTIVATION,1,0
770,DIASCTPCONFGN,92,0
771,DDTMF,61,0
772,FephFlowPolicyTableRecord,66,0
773,HTTPCLSCALARS,1,0
774,FephAggFlowPolicyTable,6,0
775,FEATGADM,18,0
776,CdrFieldCoc,130,0
777,IBOFFSESSION,2,0
778,ASSE,2028,0
779,ClsState,5,0
780,FAN,93,0
781,BTOOTH,1188,0
782,INVUNIT_R,938,0
783,VoipDefaultPayloadType,24,0
784,TargetParams,24,0
785,TimeContRouDayClassList,10,0
786,TRIG,127,0
787,TGTTHRESHPR,11542,0
788,SystemDisk,24,0
789,SipGroupProfile,5,0
790,VLAN,8041,0
791,Syslog,24,0
792,RNFC,78,0
793,PM_Period,3085,0
794,PrCallTimeLimits,5,0
795,RA,973,0
796,PAPG,17,0
797,OVLSYSTEM,8,0
798,Mgw,72,0
799,OutgoingCallRouting,23,0
800,MPLANENW_R,14213,0
801,MGW,44,0
802,HCLSERVICES,114,0
803,DefaultMapParameters,5,0
804,HprChargingAttributes,5,0
805,ASIANTL,12,0
806,APMOD,134,0
807,HOPL,1237,0
808,IBVP8BWTBL,18,0
809,CAREL,339991,0
810,LNADJ,496428,0
811,CommonPcscfProfileTableRecord,6,0
812,EACC,4,0
813,ADJL,437200,0
814,ECCS,1344376,0
815,SnmpInfo,3,0
816,VoicePortDefaultAmrWb,24,0
817,TWAMPSTATREQ,2958,0
818,SDLACCESS,21,0
819,SERVICEEXEC,2,0
820,NIntfEntry,258,0
821,O2AREA,204,0
822,SCCDPC,168,0
823,M3uaAssociation,96,0
824,PNAPTRRegionTable,6,0
825,MSRNNR,103,0
826,NudConfig,24,0
827,MtpLev2ErrRatMonPar,25,0
828,AlarmConfig,24,0
829,CBS,4,0
830,ETHIF,45759,0
831,IMSNFM,8,0
832,GGSN,1,0
833,DestinationComponent,3928,0
834,ENDCDMEASCONF,118,0
835,H248ComponentParams,12,0
836,CTR,5,0
837,FephAggPacketPolicyTable,6,0
838,CapacityProfileConfig,48,0
839,VPTT,1469,0
840,TcpConnections,6,0
841,VoipDefaultAmr2,24,0
842,VLANIF,63564,0
843,SucceUserPlaneDestiSuban,5,0
844,SYNCE_R,1,0
845,SIPiaPortStatus,120,0
846,SMSADA,1,0
847,SDEST,71012,0
848,SLHSERVNPRIO,9,0
849,PORTS,44,0
850,M3UASLK,158,0
851,WBTS,17332,0
852,MODULE,58564,0
853,LA,2499,0
854,IPBR,20166,0
855,IpTfclass,24,0
856,CdrStreamGroup,5,0
857,ALWDGSCFTBL,127,0
858,IMSServHostSuffixInfo,120,0
859,AclSlotEntry,60,0
860,DNS,1263,0
861,FEPHENABLEDENTRY,120,0
862,IBFD,27240,0
863,CESIF,10602,0
864,MTRACE,139517,0
865,DU,60,0
866,HprMscServerParam,5,0
867,IBTIMER,1,0
868,CdrFieldSipReg,55,0
869,DFEDPortTable,6,0
870,ATM,44,0
871,BTSSCL,13,0
872,CdrFieldIn4,55,0
873,CUSTTICTABLE,5,0
874,Timers,4,0
875,SignalingTrace,1,0
876,SctpParameters,10,0
877,SFPREQ,3,0
878,SPMU,3669,0
879,S8hrEmergencyIdentifierList,5,0
880,RFRES,427,0
881,SAOFFLINE,2,0
882,PROCESSOR,8,0
883,PackageSelection,48,0
884,SECPRM,9392,0
885,NECERT,5,0
886,NRDRB_MAC,202,0
887,LicensePortLimitInfo,3,0
888,MgwStateTimers,84,0
889,MgwProfile,84,0
890,IP,100,0
891,Ccf,13,0
892,IUCSIP,37,0
893,InTrigger,83,0
894,IMSServComponentParams,120,0
895,IBPDFCONFIG,2,0
896,CdrFieldStm,170,0
897,CapacityProfile,24,0
898,SDRX,68459,0
899,APTOPP,115,0
900,DetailedLogLevelElement,1,0
901,IMSACRChargingProfileTable,6,0
902,ETHPRT,4778,0
903,CFEDPortTable,6,0
904,ERXA,2126,0
905,ETHMIRROR,4,0
906,SuccedBncANARES,10,0
907,SignallingRouteSet,35,0
908,SignallingLinkM3uaLinks,10,0
909,SDM,5,0
910,SctpProfileTableRecord,10,0
911,RoutingProtocol,113,0
912,OBGW,1,0
913,OrigAASubAna,21,0
914,NRHOIF,14,0
915,LMUA,1,0
916,MGWDP,44,0
917,NetwAndNetwElemSpecNumb,5,0
918,LinuxIpv4IcmpIntFloodThreshold,24,0
919,LCR,5,0
920,DiameterProfileTableRecord,18,0
921,FSTSCH,13021,0
922,ACL,4034,0
923,CLOCK_R,18960,0
924,GNSSE,220,0
925,DtdTableRecord,32,0
926,FTPPUSH,15,0
927,CPUBLADE,8,0
928,INR,171,0
929,AudioCodecRecord,120,0
930,IMSExFloatingIPAddrAssigLst,240,0
931,ATCOUNTERS,12,0
932,DSP,6195,0
933,CAPLIM,10,0
934,FHS,8,0
935,CGR,10742,0
936,H248ProvisionedEvents,48,0
937,ETHLK,98182,0
938,IBFP,121,0
939,ANTL_R,269589,0
940,SupportedMimeOrCharset,10,0
941,SystemRealm,72,0
942,SipFilter,6,0
943,SHARIFCLIST,18,0
944,SCTP,16615,0
945,ROUTES,99,0
946,RNMOBI,78,0
947,ONBOARDADM,18,0
948,SDESTSY,183,0
949,NextHopIpMonitorSession,360,0
950,NODEMON,4,0
951,MessagingProfile,10,0
952,MNLENT,13862,0
953,LANE,3,0
954,Ipv6Filters,48,0
955,InternalRoutingParameters,5,0
956,IMOFFLINE,2,0
957,APFEATURES,132,0
958,DEST,92704,0
959,HttpSrvListener,10,0
960,IMSServConfComponentParams,120,0
961,H248AuditData,84,0
962,GlobalParameters,6,0
963,EventListenerIntervalConfigGr,3,0
964,FeatureTagEncConData,6,0
965,APFTM_R,132,0
966,CABLINK,117457,0
967,FprSiemensInap,5,0
968,HprChargingModification,5,0
969,TimiParaForOwnSignPoin,5,0
970,TriggerSettingsForCall,25,0
971,SipFilterSetRecord,6,0
972,SipErrorTreatmentTable,12,0
973,SLS,313,0
974,RETUCONFILEAPPLYREQ,25,0
975,PABBAC,1,0
976,NtpServerEntry,12,0
977,MSSelAAAnaRes,3,0
978,MSGRNPERIOD,102,0
979,PISCHDLITEM,3904,0
980,PCBWSPARETBL,8,0
981,M3uaRelatedSctpSettings,5,0
982,IMSACRChargingProfileRecord,6,0
983,DiamPortRecord,120,0
984,DSCPProfileTable,6,0
985,BOFFLINE,4,0
986,H248vmgMainConfiguation,48,0
987,IGIF,1420,0
988,USDRSPSTNGTBL,276,0
989,TWAMPREFLECT,7795,0
990,SpareRecordsTableRecord,6,0
991,PSSUNT,62,0
992,PNAPTRRecordList,21,0
993,PGR,612,0
994,NPLIOPTIONS,5,0
995,NGSSSIPiaRecord,120,0
996,MTNP,196,0
997,LAN,10,0
998,IPSERASIGN,1,0
999,MessagingParameters,25,0
1000,InformationForAParty,40,0
1001,ITRCODAUDCDC,16,0
1002,IUBSNT6,17,0
1003,DF2ADDRTAB,2,0
1004,FeatureStateList,436,0
1005,FprIwfControlParam,5,0
1006,CTRLTS,11814,0
1007,ATMSL,809,0
1008,GTAA,16,0
1009,LCELW,96020,0
1010,CABINET_R,18127,0
1011,ENUMServerIpList,6,0
1012,CallingParty,80,0
1013,CLOCKOUTPUTS,5,0
1014,ADJG,144032,0
1015,CADPRLAA,13,0
1016,GeneralRequestTime,2,0
1017,CRCT,226655,0
1018,Snmp,24,0
1019,SystemRealmIpInterface,312,0
1020,SubServicesUrnMapping,5,0
1021,ServiceProxy,10,0
1022,STNSRTable,6,0
1023,RedirPartyAddImsiIndEPC,25,0
1024,PublishedRealmTableRecord,6,0
1025,PrecedUPDRPUPDSubAna,20,0
1026,OSPFV2,11071,0
1027,NNSFRAN,25,0
1028,RTPTKTTYP,5,0
1029,NRDRB_PDCP,202,0
1030,IPNODCFG,6,0
1031,LocalLicensing,5,0
1032,FIFC,1045,0
1033,GCAL,40585,0
1034,EXEUCE,123395,0
1035,BFD,22795,0
1036,IMSServFixIntIPAddress,120,0
1037,FMCADM,15013,0
1038,CONNECTIONS,461,0
1039,FprSystemSupervision,5,0
1040,GPC,16809,0
1041,GIPUP,18,0
1042,GBGW,1,0
1043,UPDAD,690,0
1044,SuccedUPDANARES,10,0
1045,SYNCU,18,0
1046,SignalCongesControParame,45,0
1047,SUBRACK,3806,0
1048,SCTPA,1988,0
1049,SOFFLINE,4,0
1050,RSR,4,0
1051,SCTIMER,4,0
1052,SipFilterHeaderRule,6,0
1053,PSGRP,4800,0
1054,OcsParameterSet,25,0
1055,NRDRB,1414,0
1056,Ipv6Interface,78,0
1057,IBOFFLINE,2,0
1058,CMOB,237,0
1059,HCLRSTSRVC,1,0
1060,ECPRIMASTER,21,0
1061,IBMEDINACTDT,5,0
1062,EICAC,17,0
1063,FprCamelParam,5,0
1064,CCFA,8,0
1065,IMSDeviceServrStatChckConfig,120,0
1066,RETU_R,89174,0
1067,CdrFieldPbxo,265,0
1068,CPCTRL,35,0
1069,CARTRIDGE,4882,0
1070,DIALBS,1,0
1071,EthernetAlarm,24,0
1072,H248Vmg,48,0
1073,ASIRMOD_R,3,0
1074,EXENBF,66963,0
1075,INVUNIT,603178,0
1076,TRM,2,0
1077,SlsParameters,10,0
1078,SCFVER,7190,0
1079,SIPSUPFEATUR,2,0
1080,SBTS,5,0
1081,RtcpEntry,60,0
1082,OSPC,51,0
1083,PHYANTU_R,250,0
1084,PCEVENT,2,0
1085,PrecedUPDANARES,10,0
1086,POC,16809,0
1087,LAPDP,17,0
1088,SPE,986671,0
1089,IpFloodStatistics,192,0
1090,CoacIpVlanSystem,312,0
1091,ANTC,6,0
1092,H248ExFloatingIPAddrAssign,12,0
1093,DayClassParameterList,20,0
1094,DIAMETER,3,0
1095,GNSSI_R,376,0
1096,DnsProxyOptions,3,0
1097,FLTR4,1050,0
1098,CABINET,1376,0
1099,GeneralDatabase,5,0
1100,FTR,1946,0
1101,IMSServPoolInfo,120,0
1102,ADAPDOMRNGE,30,0
1103,FLEXINS,9,0
1104,SucceedUPDRSUPDSubAna,20,0
1105,XCON,39,0
1106,SignallingLink,5688,0
1107,Profilecfg,24,0
1108,RACK,89,0
1109,NANESN,55,0
1110,OUTLIST,13,0
1111,TREE,7750,0
1112,MORED,24,0
1113,PABTRS,4778,0
1114,LBPUCCHRDPR,11827,0
1115,M3UARKEY,51,0
1116,IpngFirewall,24,0
1117,LanguageIdMappingSet,5,0
1118,LicensedFeature,172,0
1119,IPAPP,13733,0
1120,APELNK,268,0
1121,CdrFieldSoc,280,0
1122,DFEDServerTable,6,0
1123,ALA,58,0
1124,AggSrcAddrPolicyRecord,12,0
1125,BGOFFEVENT,2,0
1126,HW,29110,0
1127,GSREPORTCFG,3,0
1128,FR,27641,0
1129,ESRKNR,53,0
1130,HprCharging,5,0
1131,AlarmStatus,1176,0
1132,EmergencyURIList,6,0
1133,AdmissionControl,24,0
1134,IOPF,7,0
1135,CSCFCOMMON,2,0
1136,UserMgmtInfo,3,0
1137,UTIMACOHSM,3,0
1138,SipMessageParameters,23,0
1139,RNNI,257,0
1140,SMOD,43286,0
1141,TRMOD_R,10757,0
1142,SPTDM,439,0
1143,PrSystemSupervision,5,0
1144,PrioritySettingsOfIIT,75,0
1145,RMOD_R,57586,0
1146,M3UAP,5,0
1147,H248DeviceServer,12,0
1148,CRLH,14228,0
1149,SIB,68459,0
1150,EmergServiceIdTable,6,0
1151,GTRSLT,98,0
1152,CMP_R,14217,0
1153,HSSFECOMMON,5,0
1154,DSCPTOQMAP,14175,0
1155,HOSTCONFTBL,1056,0
1156,ALD,88134,0
1157,DiameterOrigIdenOCS,25,0
1158,CallingPartyRACEPC,125,0
1159,BBPOOLALLOC,50938,0
1160,ANRPRL,57413,0
1161,H248CompHostSuffixInfo,12,0
1162,STRC,10,0
1163,SOCKET,244,0
1164,ReservationPrioMapRecord,36,0
1165,ReservedValue,48,0
1166,ResourceUsageOverview,113,0
1167,RFTHLD,8980,0
1168,PDFProfileTable,6,0
1169,SIGNAL,99,0
1170,SucceedingBncSubanalysis,5,0
1171,OverflowProtectionThreshold,5,0
1172,RTTASYSTEM,3,0
1173,MediaServerFqdnOfMediServFqdn,3,0
1174,NsnSpSharedKey,24,0
1175,LTRACE,3458,0
1176,ImsiAnalysis,40,0
1177,DiameterConnectionRecord,40,0
1178,GNCEL,3,0
1179,InfoField,20,0
1180,HSVSERVICES,2,0
1181,FephIpsecParametersTable,6,0
1182,GlobalTitleModification,5,0
1183,APTNL_R,132,0
1184,CAPCFG,14168,0
1185,EventCodeAnalysis,249,0
1186,HttpLoadBalancer,10,0
1187,SFP_R,150429,0
1188,APL2SW,134,0
1189,BCPDFH248PRF,6,0
1190,UserAuthenticationInfo,3,0
1191,TRDE,12905,0
1192,SCCPP,508,0
1193,S8hrRoamingPartnersProfile,5,0
1194,TIAMSLCC,6,0
1195,NormalPreanalysis,82,0
1196,MPLANELOCAL,346,0
1197,M3UAASLSET,42,0
1198,NationalCongestion,10,0
1199,MSERV,2009,0
1200,Ipv4Route,359,0
1201,DatapathCheckGeneral,24,0
1202,ANBA,16,0
1203,CdrFieldForw,455,0
1204,GeneralCallRouting,23,0
1205,BWP_PROFILE,204,0
1206,BGSYSTEM,4,0
1207,FprSipSignallingParam,5,0
1208,GT,8193,0
1209,CallEvenRelaCdrGenePara,5,0
1210,ASRESOURCE,14,0
1211,MSA,189165,0
1212,GTermAAAnaRes,10,0
1213,LNRELW,1220961,0
1214,SubServicesUrnMappingRecord,10,0
1215,TCTT,731,0
1216,ScpSfDataOfInTrSpD,83,0
1217,SVS,1568,0
1218,SIPAggUntrustRateLmtSet,6,0
1219,VRF,111,0
1220,SDPProfileTableRecord,12,0
1221,PrAuxParam,5,0
1222,PRTCLCHGRES,20,0
1223,REALMS,738,0
1224,PMRPQH,10230,0
1225,MediaProfile,48,0
1226,MSC,54,0
1227,MOPR,6,0
1228,MTPLINK,212,0
1229,LBSU,64,0
1230,InformationForConnectionsOfOuS,35,0
1231,ISHPR,6371,0
1232,IncomingCallRouting,23,0
1233,InternalInTrigger,75,0
1234,DataList,48,0
1235,CSCFBTIMER,2,0
1236,HprServiceAttributes,5,0
1237,DetailedACRMsgGenerationOption,6,0
1238,DialedNumber,3840,0
1239,AOM,119,0
1240,DTONE,476,0
1241,AvpOfOnlineCha,1325,0
1242,H248,24,0
1243,DailyFlush,5,0
1244,EosAnalysis,10,0
1245,AMLEPR,192432,0
1246,IBSYSTEM,4,0
1247,CACERT_R,63752,0
1248,CauseCodeAnalysis,1880,0
1249,IEIF,84720,0
1250,Wednesday,5,0
1251,VoicePortDefaultModem,24,0
1252,THRESH,1224,0
1253,WNCEL,48873,0
1254,SipRelatedSctpSettings,5,0
1255,SipUntrustedRateLimitSet,6,0
1256,SCHEDULEDITEM,11116,0
1257,RUR,5,0
1258,OwnSignallingPoint,10,0
1259,PM,17,0
1260,PublishedRealmTable,6,0
1261,PERFORMANCE,1,0
1262,PrPriorityCalls,5,0
1263,NOTE,261,0
1264,MgcParameters,48,0
1265,IUSNR,1,0
1266,DiameterProfileTable,6,0
1267,CBM,4,0
1268,ECPRIMASTERSTATUS_R,21,0
1269,DFEDExFltngIPAddrAssgn,12,0
1270,ASSO,11926,0
1271,CallingPartyParametersOugoing,15,0
1272,CdpnFormattingSet,8,0
1273,DFEDSrvCmpntPrms,6,0
1274,StartingSubanaForExtPreanaLEPC,16,0
1275,SupportedPackages,12,0
1276,SSN,198,0
1277,SCTPSRTTReconfigThresholds,6,0
1278,RoutingZoneIndexEPC,5300,0
1279,TIAMSCOMMON,3,0
1280,RoutingInstance,113,0
1281,PrExplicitCallTransferParam,5,0
1282,OwnIpSmGwAddress,5,0
1283,SYNCI,17,0
1284,Monday,5,0
1285,MsrpTls,24,0
1286,PWRMOD_R,11414,0
1287,PASSDEV,146765,0
1288,IPIF,66765,0
1289,LOGLINK_R,93761,0
1290,BBPOOL,63166,0
1291,ETHER,2431,0
1292,CgpImsiIndicatorEPC,220,0
1293,HssServiceParameters,5,0
1294,AlarmThreshold,192,0
1295,APSYNC,132,0
1296,VoipDefaultEvsParameter,24,0
1297,SystemGeneric,24,0
1298,VoicePort,24,0
1299,Ss7StatisticsParameters,5,0
1300,S8hrEmerIdentListRecord,75,0
1301,TCONN,89,0
1302,SCALARS,1,0
1303,RESPTIMERS,55,0
1304,OfferAnswerValidation,12,0
1305,LOOPBACKREQ,1,0
1306,LicenseInfo,3,0
1307,MCFSYSTEM,4,0
1308,Ipv6NdpGeneral,24,0
1309,LAPD,98927,0
1310,ISBFP,62,0
1311,ETP,138,0
1312,EXTALMBOX_R,2244,0
1313,IFGDPR,51173,0
1314,AADDRCOfRouAASubAna,15,0
1315,CMP,14230,0
1316,HssConnection,5,0
1317,DIAMETERCOM,149,0
1318,HomeDomainTableRecord,6,0
1319,CSSN,168,0
1320,HDL,50,0
1321,CREL,102947,0
1322,GPBB,1,0
1323,IBCODECBWL,6,0
1324,FprMscServerParam,5,0
1325,HprEosAttributes,5,0
1326,APUCCH,3,0
1327,ToneGeneratorParameters,5,0
1328,VoipDefaultAmrGeneral,24,0
1329,Subsystem2,18,0
1330,SMOD_EXT_R,4416,0
1331,SMSFOTBL,8,0
1332,PrSystemFunctionConf,5,0
1333,PrReportForming,5,0
1334,Overload,24,0
1335,PPTT_R,37305,0
1336,MtpLevel2MisceParam,20,0
1337,ItfIpsec,24,0
1338,NRREL,1387,0
1339,MtpLevel3Parameters,5,0
1340,Ipv4FloodThreshold,192,0
1341,Ipv4FilterGeneral,24,0
1342,DigitRemovalPreFINRESEPC,959,0
1343,HprAuxParam,5,0
1344,GateH248ComptTCPIPConfig,48,0
1345,IBBWSPARETBL,8,0
1346,FephEnabledServicesTableRecord,12,0
1347,DIACON,17,0
1348,Hostname,44,0
1349,DestinationSignallingPoint,16,0
1350,GlobalTitleSubanalysis,2354,0
1351,BGCFPaniAccessInfoTableRecord,60,0
1352,AIMSIOfEOSAASubAna,45,0
1353,GTDM,17,0
1354,LNHOIF,200549,0
1355,SupportedDispatcherType,81,0
1356,TRACER,1224,0
1357,STIASTIMER,1,0
1358,SipFilterRecord,11,0
1359,SRSP,695,0
1360,SCOFFSESSION,2,0
1361,SignallingPointSccpOwnSignPoin,5,0
1362,SSTABLE,288,0
1363,PCMEDINACTDT,5,0
1364,RMOD,94667,0
1365,POWERGROUP,14,0
1366,PrCharging,5,0
1367,PDFSUPPORT,2,0
1368,NEFRAUDCHKTBL,1,0
1369,NWTMRS,12,0
1370,MNL,15013,0
1371,MtpLevel2TimerParameters,35,0
1372,PMCADM,15039,0
1373,MediaServerAttributes,3,0
1374,MRCANARES,10,0
1375,M3UAASTMR,7,0
1376,LinuxIpv4FloodThreshold,192,0
1377,LNA,1,0
1378,AnnouncementSubtypeMap,12,0
1379,IUR,1074,0
1380,IMSIA,23384,0
1381,AMGR,26922,0
1382,CdrFieldDoc,115,0
1383,CFRAME,2,0
1384,DigitAnalysisTreeOfRdDigANa,235,0
1385,IVIF,17886,0
1386,CdrStreamInformation,13,0
1387,AudioCodec,6,0
1388,APSYNC_R,132,0
1389,LNHOW,195063,0
1390,CdrFieldSmmt,165,0
1391,TypeOfServiceEntry,66,0
1392,ULCOMP,18903,0
1393,SecurityGatewayProfile,6,0
1394,SignallingLinkSignallingLinks,45,0
1395,SYNCO,1,0
1396,VoipDefaultParameter,24,0
1397,SIPLBS,60,0
1398,SLCMAP,27,0
1399,TRIGGER_R,2422,0
1400,SCCOPC,60,0
1401,SIPASC,1708,0
1402,STPORT,63300,0
1403,O2GLBL,204,0
1404,PCM,105513,0
1405,MTC,9,0
1406,LocationArea,5274,0
1407,MPVRSNGTBL,36,0
1408,IPBRADD,155,0
1409,FephFlowPolicyTable,6,0
1410,IMRNNR,1,0
1411,AREASN,17765,0
1412,BGCFPaniAccessTypeTable,6,0
1413,BGCFParameters,6,0
1414,CFEDSrvCmpntPrms,6,0
1415,GWH248AdvancedProvisioning,48,0
1416,HprRoutingAttributes,5,0
1417,APEQM,14224,0
1418,HprIwfControlParam,5,0
1419,CHANNEL,565459,0
1420,IMSHW,1,0
1421,BCSYSTEM,2,0
1422,IRFIM,201970,0
1423,ICSYSCONNECT,1,0
1424,BICC,4174986,0
1425,VLANPM,102,0
1426,XPIFREMOTE_R,147,0
1427,TOPB,789,0
1428,TAS,1,0
1429,ResultsOfNormalPreANA,82,0
1430,SERVICEENTRY,120,0
1431,RAEU_R,1,0
1432,NODE,51,0
1433,NodeStatus,239,0
1434,MSSelAASubAna,3,0
1435,MAL,99428,0
1436,LogPkgTable,3,0
1437,LCELL,67488,0
1438,M3UAASSLK,84,0
1439,LUP,9,0
1440,InformationForMessagesOfOutSig,45,0
1441,HprSystemFunctionConf,5,0
1442,CHASSIS,1,0
1443,FPMUX,11437,0
1444,ENCLOSURE,9,0
1445,EXUCE,47788,0
1446,CdrFilePurgeOptions,5,0
1447,CdrFieldRoam,315,0
1448,FEEHTTPPROXY,1,0
1449,H248GWParamValue,246,0
1450,INTERCONNECT,18,0
1451,ET,38430,0
1452,AlarmLimitThreshold,310,0
1453,APIEIF,134,0
1454,HCLRSTSRVR,1,0
1455,GSMEND,54,0
1456,LNADJW,413054,0
1457,RETUCALRES,9764,0
1458,SCCALLDROPTBL,34,0
1459,RIM,9234,0
1460,PINGREQ,3,0
1461,ResourceConfig,24,0
1462,PDFProfileTableRecord,6,0
1463,MEMORY,8,0
1464,MGWIC,8194,0
1465,MTPP,5,0
1466,LocalCCFConfiguration,6,0
1467,MediaNegotiationOptions,6,0
1468,LinuxIpv6FloodThreshold,192,0
1469,InTriggerSpecificData,83,0
1470,IPADDRESSV4,66827,0
1471,GVMGW,18,0
1472,CCHARGING,4,0
1473,BSC,250,0
1474,EAAR,16,0
1475,DTServiceList,6,0
1476,CAMELATBL,1503,0
1477,CdrFieldLocUpd,50,0
1478,DigitAdditionPreFINRESEPC,1089,0
1479,IDNS,12016,0
1480,INAASubAna,20,0
1481,FMCL,87,0
1482,CABLINK_R,123873,0
1483,VnfInfo,5,0
1484,SysSecurityInfo,3,0
1485,SYNCE,88,0
1486,SblpProfileTable,6,0
1487,THRESL,77112,0
1488,SipConfigEntry,60,0
1489,SCSYSTEM,4,0
1490,SFILE,38609,0
1491,RNAC,78,0
1492,S8hrMncListRecord,15,0
1493,POE,2,0
1494,RSL_R,55895,0
1495,SYSTEM,13,0
1496,SHELFMANAGER,2,0
1497,OVLOLRCONFIG,351,0
1498,O2RNK,1692,0
1499,ObservationCriteria,3,0
1500,NRCELL_FDD,217,0
1501,PrimaryRoutingInformation,3,0
1502,NodeInfo,3,0
1503,LNBTS_FDD,11827,0
1504,LTEENB,7,0
1505,InternalFloatingIPAddressAssi,6,0
1506,InFixedIPAddrAssignment,24,0
1507,IUPS,303,0
1508,IntervalFlush,5,0
1509,FephAggPolicyAssignTable,6,0
1510,DestinationList,3741,0
1511,GMGW,17,0
1512,ConfigDumpGroup,3,0
1513,CdrStreamFile,26000,0
1514,HprCallControl,5,0
1515,CFEDServiceTableRecord,6,0
1516,FullBackupRestoreInfo,3,0
1517,INAAAnaRes,15,0
1518,FORCEDLIST,7,0
1519,H248InFloatingIPAddrAssign,12,0
1520,ANRPRW,32227,0
1521,DFEDPortTableRecord,6,0
1522,SipTrustedRateLimitSetRecord,72,0
1523,SHELF,1,0
1524,RULES,2,0
1525,RANRCSIPRPROT,18,0
1526,TIMEDEVTBL,848,0
1527,NSVL,368,0
1528,OverloadH248,24,0
1529,Ipng,24,0
1530,CdrFieldPoc,315,0
1531,CdrServiceProfileTable,6,0
1532,CdrFileRingParameters,5,0
1533,CLOCK_FDD,10,0
1534,HomeDomainTable,6,0
1535,EATFOFFLINE,2,0
1536,CdrFileInformation,26000,0
1537,CBTYPEOfHomingAASubAna,5,0
1538,ComponentVersion,818,0
1539,TRX,54437,0
1540,TonAna,155,0
1541,VoiceAnnounDeviceParame,1925,0
1542,SWRESETRES,219,0
1543,ShutdownParameters,5,0
1544,SMS,9,0
1545,ResultOfAnalysisEPC,12850,0
1546,RAEU,1,0
1547,OMS,44,0
1548,PCAMRBWTBL,32,0
1549,NcUserEntry,3,0
1550,NRDSSLTE,217,0
1551,NcUserMgtGroup,3,0
1552,NetworkTerminationTypes,48,0
1553,LNKTMP,102,0
1554,M3UATMR,51,0
1555,IPASSIGNMENT,6,0
1556,IbcfSipDataDriOptTableRecord,18,0
1557,Ipv4Filter,24,0
1558,IPDPTPD,16,0
1559,BorderGWPublishRealmTable,6,0
1560,HSSCONF,1,0
1561,AtmSpecificParameters,5,0
1562,H248DSVariantRecord,36,0
1563,CRMINFO,90,0
1564,IQOS,938,0
1565,BBMOD,37049,0
1566,Ethernet,234,0
1567,CoreBearerRealmTableRecord,6,0
1568,CAIMLBP,2,0
1569,TRUSTEDIPADR,40,0
1570,ServiceAuthorizationParameters,10,0
1571,S8hrRoaPartProRecord,15,0
1572,RG,423,0
1573,ROU,6648,0
1574,PMCCP,11827,0
1575,PrOverload,5,0
1576,OutgoingParameterSet,15,0
1577,NRCUUP,123,0
1578,LoadSharingItem,12,0
1579,MTPTP,51,0
1580,IPQM,78,0
1581,ASIRMOD,3,0
1582,HeaderContentClir,10,0
1583,H248GWVariant,6,0
1584,ExtIntBindOfServiceProxy,10,0
1585,IMAG,8,0
1586,H248GWVariantRecord,246,0
1587,H248GlobalMg,24,0
1588,AclListEntry,1380,0
1589,CliFormattingSet,20,0
1590,ExternalBackupServer,1,0
1591,FeatureAllocation,433,0
1592,GENDOMCONF,13,0
1593,BGOFFLINE,4,0
1594,EATFSYSTEM,4,0
1595,IMHO,54,0
1596,LNADJL,3684854,0
1597,VCCT,11330,0
1598,VCTT,68,0
1599,SpecialdayDayClass,85,0
1600,TPSIS,4,0
1601,SshSrvListener,42,0
1602,TOPF,24751,0
1603,RoamNWTypeOfEPC,2,0
1604,TRENE,7190,0
1605,PrShortMessageService,5,0
1606,PFL,845,0
1607,PPTT,121801,0
1608,NumberModification,4,0
1609,OVERLOADHANDLING,5,0
1610,MPLANENW,14998,0
1611,LNKP,102,0
1612,InitialEventArming,25,0
1613,LCLAS,65,0
1614,ANR,11834,0
1615,CountryCodes,5,0
1616,GNCEL_R,3,0
1617,CdrFileStorageParameters,5,0
1618,CHANNELGROUP,2,0
1619,GatewayH248,48,0
1620,CAPPT,1519,0
1621,GTermAASubAna,10,0
1622,DNAT,755,0
1623,Friday,5,0
1624,ADSPMIN,430,0
1625,CliNumberModificationEPC,46,0
1626,ANTSET,4103,0
1627,ANNP,278,0
1628,BTS,16809,0
1629,CellBasedLocation,555820,0
1630,ZSONPR,13,0
1631,SupportedVendorIdList,20,0
1632,SccpSignaPointParamSet,20,0
1633,SmsRelatCdrGenerParam,5,0
1634,SDPPCodecBandwidth,54,0
1635,SIPMPTY,1,0
1636,RMTAS,171,0
1637,PREA,3745,0
1638,PTRCODAUDCDC,16,0
1639,PrCamelParam,5,0
1640,ORREQ,5,0
1641,RETUCALREQ,11205,0
1642,SAF,1,0
1643,NTP,11850,0
1644,LLOCK,38,0
1645,IUAP,5,0
1646,MGWP,545,0
1647,IPRT,448,0
1648,LCELC,22658,0
1649,Ipv4AddressList,128,0
1650,IUPSIP,782,0
1651,Gateway,48,0
1652,IPSERPORTS,1,0
1653,FprAuxParam,5,0
1654,FeatureList,440,0
1655,DigitRemovalCdpnFormatSet,4,0
1656,HLRENQ,798,0
1657,CBAODC,9745,0
1658,CATMPR,11201,0
1659,BOND,2116,0
1660,TargetAddress,24,0
1661,VoipDefaultRtcp,24,0
1662,SignallingPointRestartTimers,35,0
1663,ServiceSet,42,0
1664,SCOFFEVENT,2,0
1665,RouAAAnaRes,165,0
1666,MRBTS,27013,0
1667,LLB,2,0
1668,LMMEM,487,0
1669,M3UAASRSET,21,0
1670,IPVC,13,0
1671,ChaCaseOfDigAna,10,0
1672,AggregateSourceAddressPolicy,6,0
1673,HprCamelParam,5,0
1674,GNSSI,402,0
1675,H248DSVariant,6,0
1676,IMSLBTIMER,7,0
1677,CdrStreamState,13,0
1678,DFEDPlInfo,6,0
1679,ICOFFEVENT,2,0
1680,ADJI,474302,0
1681,VBTS,73,0
1682,VoipDefaultPacketTime,24,0
1683,VideoConfigEntry,60,0
1684,SRVRES,18,0
1685,SESSNIDDISP,2,0
1686,SL,1564,0
1687,SyslogConfig,24,0
1688,RSL,39845,0
1689,ReservationPriorityMapping,6,0
1690,PWNE,464,0
1691,SAD,1,0
1692,NGSSSIPia,120,0
1693,NTHLRFECOMMON,4,0
1694,MAPHSS,21,0
1695,IPSD,1,0
1696,InternationalToNational,10,0
1697,Ipngnud,24,0
1698,IPSECC,21861,0
1699,DnsLinuxConfiguration,24,0
1700,FephAggPacketPolicyTableRecord,12,0
1701,CFEDPortTableRecord,6,0
1702,GEN,99,0
1703,H248DSParamValue,36,0
1704,IMSDeviceServer,120,0
1705,APTOPF,132,0
1706,ANTL,443307,0
1707,VoipDefaultOpusParameter,24,0
1708,Upd,5,0
1709,Subsystem1,26,0
1710,SCTPIPADDR,14,0
1711,TRACEL,77112,0
1712,SMSROA,52,0
1713,SIP,59437,0
1714,RedundancyGroup,330,0
1715,Rmgr,24,0
1716,PRFC,3795,0
1717,RDRCONFIGDATA,5,0
1718,PCPDFTIMER,2,0
1719,PrSiemensInap,5,0
1720,PMTNL,15025,0
1721,RNRLC,78,0
1722,MGWE,442,0
1723,PNAPTRRegionTableRecord,11,0
1724,MgmtActivityLogInfo,3,0
1725,NextHopStaticRouteIpv4,225,0
1726,MRF,3,0
1727,IPBRS,45,0
1728,HSVSERVCSD,1,0
1729,DTGlobalProfile,6,0
1730,APTAC,134,0
1731,IBTSS,309,0
1732,BCF,6926,0
1733,HOPI,2477,0
1734,BFDS,4992,0
1735,DIACOMMON,17,0
1736,TIMER,1,0
1737,TIME,15039,0
1738,SblpProfileTableRecord,6,0
1739,SRT6,8,0
1740,SMOD_EXT,3892,0
1741,RouAASubAna,10,0
1742,SignallingPointElement,20,0
1743,PrIwfControlParam,5,0
1744,SLP,869,0
1745,NBIOT_FDD,3,0
1746,MtpLevel3Timers,40,0
1747,NGSSParameters,6,0
1748,MtpLevel3MisceParam,25,0
1749,LocalTerminationTypes,48,0
1750,MODPR,8,0
1751,IPSMSGW,1,0
1752,Ipv6FloodThreshold,144,0
1753,ImsiRange,20,0
1754,EATFSESSION,2,0
1755,ChargingFormatFile,5,0
1756,CPIProfileRecord,96,0
1757,BATBKP,2384,0
1758,Ipv4Interface,282,0
1759,AnaRes,1914,0
1760,HBC,4,0
1761,CommParaOfAllSignPoin,35,0
1762,CAGENB,10893,0
1763,FEESYSTEM,2,0
1764,HealthCheckOptions,3,0
1765,ANNF,105,0
1766,GTROU,17,0
1767,FephRemoteIpPolicyTableRecord,6,0
1768,IFGPR,51169,0
1769,GTPU,8081,0
1770,DISPCONFIG,4,0
1771,DSCP2QMAP,14171,0
1772,DAP,5641,0
1773,HBRRULEEXECUTIONORDER,11,0
1774,UFRES,1394,0
1775,TWAMPS,2,0
1776,STMSYSTEM,1,0
1777,TOPP_R,59,0
1778,RNW,55,0
1779,PHONENUMTAB,44,0
1780,NetworkCode,45,0
1781,NMSYSCONNECT,1,0
1782,NRBTS,124,0
1783,NAT,770,0
1784,M3UARSET,132,0
1785,MapVersions,560,0
1786,LNMME,118137,0
1787,ItfIpsecTunnel,24,0
1788,ETHIF_R,45627,0
1789,CommoH248LoadBalanParam,5,0
1790,AssociationSet,10,0
1791,BEDSAMAPTBL,66,0
1792,BSSAP,2700,0
1793,DiameterConnectionStatus,20,0
1794,ACCP,712,0
1795,BRGPRT,31159,0
1796,FRONTBLADE,8,0
1797,TDPOfHomingAASubAna,10,0
1798,SystemRealmVmgMapping,144,0
1799,THRESM,1224,0
1800,SmdPortTableRec,23,0
1801,STIVSSYSTEM,4,0
1802,SCCPS,9228,0
1803,RoutineReconfigurationPattern,6,0
1804,SftpConfig,24,0
1805,NRDRB_RLC_AM,202,0
1806,MgwListElement,72,0
1807,NMOD,33319,0
1808,MTPOPC,161,0
1809,LAA,13,0
1810,LNSENB,13,0
1811,KeyType,23,0
1812,IPNO,35467,0
1813,IpRealm,24,0
1814,EmergencyURIListRecord,128,0
1815,IMSAKAALGS,6,0
1816,HprShortMessageService,5,0
1817,HprAifAttributes,5,0
1818,DiameterDestIdenOCS,25,0
1819,ASIANTL_R,12,0
1820,CSPC,166,0
1821,IMSDeviceSerConfig,120,0
1822,HprCompletionOfCall,5,0
1823,AOIPNR,1,0
1824,DISCOVERY,132,0
1825,TimeControlledRoutingGroupList,5,0
1826,UFFIM,68366,0
1827,SupplementaryServiceHandling,5,0
1828,SshServer,42,0
1829,SubscriberAndEquipmentRec,22,0
1830,SignallingRouteSetData,15,0
1831,RoamCallRelaCdrGenePara,5,0
1832,RFREQ,115,0
1833,PEER,2,0
1834,OMGW,20,0
1835,PCC,25,0
1836,NeIntegrationData,2,0
1837,NRDRB_5QI,505,0
1838,MPUCCH,4,0
1839,NRPMRNL,123,0
1840,McmCoac,24,0
1841,CPIRecord,1158,0
1842,COCO,290,0
1843,HSVWHITELST,672,0
1844,IPDYNROUT,257,0
1845,CommissionedShelfEntry,66,0
1846,AFW,19,0
1847,IDSP,147,0
1848,HeartbeatAlarmParameters,5,0
1849,DSCPProfileTableRecord,6,0
1850,CFEDSrvPlInfo,6,0
1851,HttpServWebui,5,0
1852,CalledParty,320,0
1853,HOPS,3010,0
1854,GMLCTABLE,4,0
1855,DIPBRS,17,0
1856,CAPR,138597,0
1857,BTSM,57021,0
1858,LNBTS,11847,0
